Workbook

Sheet ticket
A1: ticket_id | B1: created_at | C1: closed_at | D1: outlet_id | E1: cms_id | F1: Same Day? | G1: Same Hour?
A2: tkt-001 | B2: 2021-08-19 10:15:00 | C2: 2021-08-19 12:30:00 | D2: outlet-1 | E2: cms-001 | F2: =INT(B2)=INT(C2) -> TRUE | G2: =TEXT(B2,"yyyy-mm-dd hh")=TEXT(C2,"yyyy-mm-dd hh") -> FALSE
A3: tkt-002 | B3: 2021-08-19 14:00:00 | C3: 2021-08-20 09:00:00 | D3: outlet-2 | E3: cms-002 | F3: =INT(B3)=INT(C3) -> FALSE | G3: =TEXT(B3,"yyyy-mm-dd hh")=TEXT(C3,"yyyy-mm-dd hh") -> FALSE
A4: tkt-003 | B4: 2021-08-20 11:00:00 | C4: 2021-08-20 11:45:00 | D4: outlet-1 | E4: cms-003 | F4: =INT(B4)=INT(C4) -> TRUE | G4: =TEXT(B4,"yyyy-mm-dd hh")=TEXT(C4,"yyyy-mm-dd hh") -> TRUE
A5: tkt-004 | B5: 2021-08-20 13:20:00 | C5: 2021-08-20 15:00:00 | D5: outlet-3 | E5: cms-004 | F5: =INT(B5)=INT(C5) -> TRUE | G5: =TEXT(B5,"yyyy-mm-dd hh")=TEXT(C5,"yyyy-mm-dd hh") -> FALSE
A6: tkt-005 | B6: 2021-08-21 09:00:00 | C6: 2021-08-21 09:30:00 | D6: outlet-2 | E6: cms-005 | F6: =INT(B6)=INT(C6) -> TRUE | G6: =TEXT(B6,"yyyy-mm-dd hh")=TEXT(C6,"yyyy-mm-dd hh") -> TRUE
A7: tkt-006 | B7: 2021-08-21 10:00:00 | C7: 2021-08-21 14:00:00 | D7: outlet-1 | E7: cms-006 | F7: =INT(B7)=INT(C7) -> TRUE | G7: =TEXT(B7,"yyyy-mm-dd hh")=TEXT(C7,"yyyy-mm-dd hh") -> FALSE
A8: tkt-007 | B8: 2021-08-22 08:00:00 | C8: 2021-08-22 08:45:00 | D8: outlet-3 | E8: cms-007 | F8: =INT(B8)=INT(C8) -> TRUE | G8: =TEXT(B8,"yyyy-mm-dd hh")=TEXT(C8,"yyyy-mm-dd hh") -> TRUE
A9: tkt-008 | B9: 2021-08-22 11:30:00 | C9: 2021-08-23 10:00:00 | D9: outlet-2 | E9: cms-008 | F9: =INT(B9)=INT(C9) -> FALSE | G9: =TEXT(B9,"yyyy-mm-dd hh")=TEXT(C9,"yyyy-mm-dd hh") -> FALSE
A11: Outlet | B11: Same Day Count | C11: Same Hour Count
A12: outlet-1 | B12: =COUNTIFS($D:$D,"outlet-1",$F:$F,TRUE) -> 3 | C12: =COUNTIFS($D:$D,"outlet-1",$G:$G,TRUE) -> 1 | D12: =COUNTIFS(D:D,"outlet-1",F:F,TRUE) -> 0
A13: outlet-2 | B13: =COUNTIFS($D:$D,"outlet-2",$F:$F,TRUE) -> 1 | C13: =COUNTIFS(D2:D9, A13, G2:G9, TRUE) -> 1 | D13: =COUNTIFS(D:D,"outlet-2",F:F,TRUE) -> 0
A14: outlet-3 | B14: =COUNTIFS($D:$D,"outlet-3",$F:$F,TRUE) -> 2 | C14: =COUNTIFS(D2:D9, A14, G2:G9, TRUE) -> 1 | D14: =COUNTIFS(D:D,"outlet-3",F:F,TRUE) -> 0

Sheet feedbacks
A1: cms_id | B1: feedback_at | C1: feedback_rating | D1: ticket_created_at
A2: cms-001 | B2: 2021-08-19 13:00:00 | C2: 4 | D2: =INDEX(ticket!B:B, MATCH(A2, ticket!E:E, 0)) -> 2021-08-19 10:15:00
A3: cms-002 | B3: 2021-08-20 10:00:00 | C3: 3 | D3: =INDEX(ticket!B:B, MATCH(A3, ticket!E:E, 0)) -> 2021-08-19 14:00:00
A4: cms-003 | B4: 2021-08-20 12:00:00 | C4: 5 | D4: =INDEX(ticket!B:B, MATCH(A4, ticket!E:E, 0)) -> 2021-08-20 11:00:00
A5: cms-004 | B5: 2021-08-20 16:00:00 | C5: 2 | D5: =INDEX(ticket!B:B, MATCH(A5, ticket!E:E, 0)) -> 2021-08-20 13:20:00
A6: cms-005 | B6: 2021-08-21 10:00:00 | C6: 4 | D6: =INDEX(ticket!B:B, MATCH(A6, ticket!E:E, 0)) -> 2021-08-21 09:00:00
